<?xml version="1.0" encoding="utf-8"?>
<extension version="3.1" type="plugin" group="system" method="upgrade">
	<name>plg_system_variableconvert</name>
	<author>Octopoos</author>
	<authorEmail>contact@seblod.com</authorEmail>
	<authorUrl>http://www.seblod.com</authorUrl>
	<copyright>Copyright (C) 2013 SEBLOD. All Rights Reserved.</copyright>
	<license>GNU General Public License version 2 or later.</license>
	<creationDate>January 2016</creationDate>
	<description>Variable Convert Plugin // by Octopoos - www.octopoos.com</description>
	<version>1.0</version>

	<files>
		<filename plugin="variableconvert">variableconvert.php</filename>
		<filename>index.html</filename>
	</files>

	<config>
		<fields />
	</config>
</extension>
