<?xml version="1.0" encoding="utf-8"?>
<cck type="searchs">
	<author>Octopoos</author>
	<authorEmail>contact@seblod.com</authorEmail>
	<authorUrl>http://www.seblod.com</authorUrl>
	<copyright>Copyright (C) 2013 SEBLOD. All Rights Reserved.</copyright>
	<license>GNU General Public License version 2 or later.</license>
	<description>SEBLOD 3.x - www.seblod.com</description>
	<search>
		<id />
		<title>Gallery search&amp;list</title>
		<name>gallery_list</name>
		<alias />
		<folder>gallery</folder>
		<content>1</content>
		<template_search>seb_one - gallery_list (search)</template_search>
		<template_filter>seb_one</template_filter>
		<template_list>seb_table - gallery_list (list)</template_list>
		<template_item>seb_one</template_item>
		<description />
		<access>1</access>
		<published>1</published>
		<options>{&quot;limit&quot;:&quot;0&quot;,&quot;cache&quot;:&quot;0&quot;,&quot;cache_per_user&quot;:&quot;0&quot;,&quot;stages_optional&quot;:&quot;&quot;,&quot;cache2&quot;:&quot;0&quot;,&quot;pagination&quot;:&quot;&quot;,&quot;debug&quot;:&quot;&quot;,&quot;sef&quot;:&quot;&quot;,&quot;prepare_content&quot;:&quot;&quot;,&quot;auto_redirect&quot;:&quot;0&quot;,&quot;ordering&quot;:&quot;&quot;,&quot;show_list_title&quot;:&quot;1&quot;,&quot;tag_list_title&quot;:&quot;h2&quot;,&quot;class_list_title&quot;:&quot;&quot;,&quot;show_list_desc&quot;:&quot;0&quot;,&quot;show_list&quot;:&quot;1&quot;,&quot;show_form&quot;:&quot;1&quot;,&quot;show_items_number&quot;:&quot;0&quot;,&quot;label_items_number&quot;:&quot;Results&quot;,&quot;class_items_number&quot;:&quot;total&quot;,&quot;show_pages_number&quot;:&quot;1&quot;,&quot;show_pagination&quot;:&quot;0&quot;,&quot;class_pagination&quot;:&quot;pagination&quot;,&quot;callback_pagination&quot;:&quot;&quot;,&quot;message_style_no_access&quot;:&quot;error&quot;,&quot;action_no_access&quot;:&quot;redirection&quot;,&quot;message_no_access&quot;:&quot;&quot;,&quot;redirection_url_no_access&quot;:&quot;index.php?option=com_users&amp;view=login&quot;,&quot;message_style&quot;:&quot;message&quot;,&quot;action&quot;:&quot;0&quot;,&quot;message&quot;:&quot;&quot;,&quot;show_list_desc_no_result&quot;:&quot;1&quot;}</options>
		<location />
		<sef_route />
		<storage_location>joomla_article</storage_location>
		<stylesheets />
		<version>22</version>
		<checked_out>0</checked_out>
		<checked_out_time>0000-00-00 00:00:00</checked_out_time>
	</search>
	<fields>
		<field1 client="list" ordering="1" label="" variation="" variation_override="" required="" required_alert="" validation="" validation_options="" link="" link_options="" live="" live_options="" live_value="" markup="" markup_class="" match_collection="" match_mode="" match_options="" match_value="" typo="" typo_label="0" typo_options="" stage="0" access="1" restriction="" restriction_options="" computation="" computation_options="" conditional="" conditional_options="" position="column-a">art_title</field1>
		<field2 client="list" ordering="2" label="" variation="" variation_override="" required="" required_alert="" validation="" validation_options="" link="" link_options="" live="" live_options="" live_value="" markup="" markup_class="" match_collection="" match_mode="" match_options="" match_value="" typo="" typo_label="0" typo_options="" stage="0" access="1" restriction="" restriction_options="" computation="" computation_options="" conditional="" conditional_options="" position="column-b">gallery_images</field2>
		<field3 client="list" ordering="3" label="" variation="" variation_override="" required="" required_alert="" validation="" validation_options="" link="" link_options="" live="" live_options="" live_value="" markup="" markup_class="" match_collection="" match_mode="" match_options="" match_value="" typo="" typo_label="0" typo_options="" stage="0" access="1" restriction="" restriction_options="" computation="" computation_options="" conditional="" conditional_options="" position="column-c">gallery_description</field3>
		<field4 client="search" ordering="1" label="" variation="hidden" variation_override="" required="" required_alert="" validation="" validation_options="" link="" link_options="" live="" live_options="" live_value="gallery" markup="" markup_class="" match_collection="" match_mode="exact" match_options="" match_value="" typo="" typo_label="0" typo_options="" stage="0" access="1" restriction="" restriction_options="" computation="" computation_options="" conditional="" conditional_options="" position="mainbody">cck</field4>
		<field5 client="search" ordering="2" label="" variation="" variation_override="" required="" required_alert="" validation="" validation_options="" link="" link_options="" live="" live_options="" live_value="" markup="" markup_class="" match_collection="gallery_images" match_mode="" match_options="{&quot;table&quot;:&quot;&quot;,&quot;var_type&quot;:&quot;1&quot;,&quot;var_mode&quot;:&quot;0&quot;,&quot;fieldname1&quot;:&quot;&quot;,&quot;fieldname2&quot;:&quot;&quot;,&quot;fieldname3&quot;:&quot;&quot;,&quot;var_unit&quot;:&quot;0&quot;}" match_value="" typo="" typo_label="0" typo_options="" stage="0" access="1" restriction="" restriction_options="" computation="" computation_options="" conditional="" conditional_options="" position="mainbody">image_title</field5>
		<field6 client="search" ordering="3" label="" variation="" variation_override="" required="" required_alert="" validation="" validation_options="" link="" link_options="" live="" live_options="" live_value="" markup="" markup_class="" match_collection="" match_mode="" match_options="" match_value="" typo="" typo_label="0" typo_options="" stage="0" access="1" restriction="" restriction_options="" computation="" computation_options="" conditional="" conditional_options="" position="bottombody">button_search</field6>
	</fields>
	<positions>
		<position1 client="list" legend="" variation="" variation_options="" width="" height="" css="">column-a</position1>
		<position2 client="list" legend="" variation="" variation_options="" width="" height="" css="">column-b</position2>
		<position3 client="list" legend="" variation="" variation_options="" width="" height="" css="">column-c</position3>
		<position4 client="list" legend="" variation="" variation_options="" width="" height="" css="">hidden</position4>
		<position5 client="search" legend="" variation="" variation_options="" width="" height="" css="">bottombody</position5>
		<position6 client="search" legend="" variation="" variation_options="" width="" height="" css="">clear</position6>
		<position7 client="search" legend="" variation="" variation_options="" width="" height="" css="">mainbody</position7>
	</positions>
</cck>