<?xml version="1.0" encoding="utf-8"?>
<cck type="fields">
	<author>Octopoos</author>
	<authorEmail>contact@seblod.com</authorEmail>
	<authorUrl>http://www.seblod.com</authorUrl>
	<copyright>Copyright (C) 2013 SEBLOD. All Rights Reserved.</copyright>
	<license>GNU General Public License version 2 or later.</license>
	<description>SEBLOD 3.x - www.seblod.com</description>
	<field>
		<id />
		<title>Gallery Images</title>
		<name>gallery_images</name>
		<folder>gallery</folder>
		<type>group_x</type>
		<description />
		<published>1</published>
		<label />
		<selectlabel />
		<display>3</display>
		<required />
		<validation />
		<defaultvalue />
		<options />
		<options2 />
		<minlength>1</minlength>
		<maxlength>10</maxlength>
		<size>32</size>
		<cols>0</cols>
		<rows>1</rows>
		<ordering>0</ordering>
		<sorting>0</sorting>
		<divider />
		<bool>1</bool>
		<location />
		<extended>image</extended>
		<style />
		<script />
		<bool2>1</bool2>
		<bool3>1</bool3>
		<bool4>1</bool4>
		<bool5>0</bool5>
		<bool6>0</bool6>
		<bool7>0</bool7>
		<bool8>1</bool8>
		<css />
		<attributes />
		<storage>custom</storage>
		<storage_cck />
		<storage_location>joomla_article</storage_location>
		<storage_table>#__content</storage_table>
		<storage_field>images</storage_field>
		<storage_field2 />
		<storage_params />
		<storages />
		<checked_out>472</checked_out>
		<checked_out_time>2016-01-29 13:30:13</checked_out_time>
	</field>
</cck>